-- phpMyAdmin SQL Dump
-- version 4.6.5.2
-- https://www.phpmyadmin.net/
--
-- Хост: 127.0.0.1:3306
-- Время создания: Фев 10 2017 г., 14:06
-- Версия сервера: 5.5.53
-- Версия PHP: 5.6.29

SET SQL_MODE = "NO_AUTO_VALUE_ON_ZERO";
SET time_zone = "+00:00";


/*!40101 SET @OLD_CHARACTER_SET_CLIENT=@@CHARACTER_SET_CLIENT */;
/*!40101 SET @OLD_CHARACTER_SET_RESULTS=@@CHARACTER_SET_RESULTS */;
/*!40101 SET @OLD_COLLATION_CONNECTION=@@COLLATION_CONNECTION */;
/*!40101 SET NAMES utf8mb4 */;

--
-- База данных: `php_lab_bd`
--

-- --------------------------------------------------------

--
-- Структура таблицы `category`
--

CREATE TABLE `category` (
  `id` int(11) NOT NULL,
  `name` varchar(25) DEFAULT NULL
) ENGINE=InnoDB DEFAULT CHARSET=utf8;

--
-- Дамп данных таблицы `category`
--

INSERT INTO `category` (`id`, `name`) VALUES
(1, 'бизнес'),
(2, 'спорт'),
(3, 'наука'),
(4, 'авто'),
(5, 'фото');

-- --------------------------------------------------------

--
-- Структура таблицы `news`
--

CREATE TABLE `news` (
  `id` int(11) NOT NULL,
  `text` text,
  `date` datetime DEFAULT NULL,
  `status` int(11) DEFAULT NULL,
  `id_category` int(11) DEFAULT NULL,
  `id_user` int(11) DEFAULT NULL
) ENGINE=InnoDB DEFAULT CHARSET=utf8;

--
-- Дамп данных таблицы `news`
--

INSERT INTO `news` (`id`, `text`, `date`, `status`, `id_category`, `id_user`) VALUES
(1, 'Беларусь в стартовой гонке ЧМ выступала без трехкратной олимпийской чемпионки Дарьи Домрачевой. На первом этапе белорусскую дружину представляла Надежда Скардино, которая с 2 дополнительными патронами передала эстафету Ирине Кривко на 8-й позиции. Кривко на первом огневом рубеже получила 2 штрафных круга, а на втором обошлась 1 дополнительным патороном и опустила команду на 19-ю позицию. Владимир Чепелин на первой стрельбе ограничился 3 дополнительными патронами, а после второй отправился мотать штрафной круг. В итоге на заключительный этап он отправил Сергея Бочарникова на 20-м месте. Бочарников заработал 1 штрафной круг на первой стрельбе, а вторую прошел с 2 дополнительными патронами и финишировал в итоге на 22-й позиции среди 25 команд.', '2017-02-08 00:00:00', 1, 1, 1),
(2, '«По валютным кредитам коммерческие банки должны будут жестче оценивать корпоративных клиентов, — сообщил БелаПАН эксперт в финансовых кругах. — Только в случае, если валютной выручки клиента достаточно для погашения всех валютных обязательств и кредитной задолженности, можно считать, что кредиты таким заемщикам являются валютоокупаемыми».\r\nВ остальных случаях, когда достаточной валютной выручки у предприятия нет, по таким валютным займам коммерческим банкам нужно будет формировать отчисления в резервы в размере 10% от суммы кредита.\r\nПо имеющейся информации, Нацбанк разрешил коммерческим банкам растянуть период формирования резервов на несколько лет, чтобы облегчить бремя, связанное с выполнением данного условия.\r\n«Сейчас банкам необходимо провести ревизию кредитного портфеля, обозначить клиентов безусловно валютоокупаемых и невалютоокупаемых, после чего приступить к постепенному формированию резервов», — рассказал собеседник.\r\nБелорусские экономисты считают, что ужесточение требований к заемщикам связано, с одной стороны, с желанием регулятора снизить валютные риски на банковскую систему. Кроме этого, такого рода меры способствуют дедолларизации кредитных портфелей банков и позволяют Нацбанку повышать свое влияние на денежный рынок.\r\n«Для того чтобы Нацбанк мог лучше влиять на инфляцию, должен работать процентный канал. В нынешней ситуации процентная политика Нацбанка недостаточно действенна, поскольку кредитные портфели банков преимущественно сформированы из льготных кредитов с фиксированной процентной ставкой, и из валютных кредитов», — отметил в комментарии БелаПАН экономист Антон Болточко.', '2017-02-03 00:00:00', 1, 2, 1),
(3, 'Компания Ford протестировала шесть поколений автомобильных фар, начиная от газовых фонарей на Model T образца 1908 года. Эру современных машин представляли ксеноновые фары «Мустанга», пишет motor.ru.\r\nАвтомобили Ford Model T, которые с 1908 до 1927 года разошлись тиражом 15 миллионов экземпляров, оснащались ацетиленовыми лампами. Водителям нужно было их зажигать вручную, прежде чем выезжать на дорогу.\r\nВ ходе теста, проведенного компанией, на дороге в 12 метрах от машин стоял велосипедист. Судя по итогам испытания, лампы Model T дорогу почти не освещали.', '2017-02-04 00:00:00', 0, 4, 5),
(4, 'Американская корпорация Liberty Media, принадлежащая миллиардеру Джону Мэлоуну, в сентябре приобрела 18,7% акций «Формулы-1» за 746 миллионов долларов. Тогда же корпорация получила право на выкуп 100% акций. В среду на заседании акционеров Liberty Media в Колорадо было принято решение одобрить выкуп оставшейся доли в «Формуле-1» до конца первого квартала нынешнего года. В тот же день всемирный совет по автоспорту одобрил продажу Liberty Media коммерческих прав на «Формулу-1».\r\n«Я больше не руковожу „Формулой-1“. Мою должность занял Чейз Кэри. Я был уволен сегодня. Я просто ухожу. Это официально. Моя новая должность? Это американский термин, это своего рода почетный президент. Я не знаю, что это значит», — цитирует Экклстоуна Auto motor und sport.', '2017-02-05 00:00:00', 1, 5, 3),
(5, 'В предстоящие выходные, 11 и 12 февраля, существенных осадков по республике не ожидается, но кое-где возможен небольшой снег. За счет высокой влажности ожидается слабый туман и образование изморози. Температура воздуха минимальная ночью -5 -12°С, в ночь на воскресенье при прояснениях воздух охладится до -15°С, максимальная температура днем составит -2 -7°С.\r\nВ начале следующей недели погода начнет меняться: атмосферный фронт принесет осадки, температура будет расти и приблизится к климатической норме, но порывистый ветер добавит дискомфорт.\r\nВ понедельник, 13 февраля, ночью преимущественно без осадков, днем в основном по северо-восточной части страны пройдет кратковременный снег, мокрый снег, ожидается слабый гололед. На отдельных участках дорог гололедица. Днем по северо-востоку республики порывистый ветер. Температура воздуха минимальная ночью -5 -10°С, при прояснениях до -15°С; максимальная днем составит 0, -7°С.', '2017-02-09 00:00:00', 1, 3, 3);

-- --------------------------------------------------------

--
-- Структура таблицы `user`
--

CREATE TABLE `user` (
  `id` int(11) NOT NULL,
  `f_name` varchar(25) DEFAULT NULL,
  `l_name` varchar(25) DEFAULT NULL,
  `login` varchar(25) DEFAULT NULL,
  `password` varchar(25) DEFAULT NULL
) ENGINE=InnoDB DEFAULT CHARSET=utf8;

--
-- Дамп данных таблицы `user`
--

INSERT INTO `user` (`id`, `f_name`, `l_name`, `login`, `password`) VALUES
(1, 'Томас', 'Смит', 'tsmit', 'qwerty'),
(2, 'Джон', 'Дорг', 'ddorg', 'qwe'),
(3, 'Майк', 'Лукас', 'mlukas', 'pass'),
(4, 'Джессика', 'Уолмарт', 'dwolmart', 'ssword'),
(5, 'Дональд', 'Ли', 'dli', '123456');

--
-- Индексы сохранённых таблиц
--

--
-- Индексы таблицы `category`
--
ALTER TABLE `category`
  ADD PRIMARY KEY (`id`);

--
-- Индексы таблицы `news`
--
ALTER TABLE `news`
  ADD PRIMARY KEY (`id`);

--
-- Индексы таблицы `user`
--
ALTER TABLE `user`
  ADD PRIMARY KEY (`id`);

--
-- AUTO_INCREMENT для сохранённых таблиц
--

--
-- AUTO_INCREMENT для таблицы `category`
--
ALTER TABLE `category`
  MODIFY `id` int(11) NOT NULL AUTO_INCREMENT, AUTO_INCREMENT=6;
--
-- AUTO_INCREMENT для таблицы `news`
--
ALTER TABLE `news`
  MODIFY `id` int(11) NOT NULL AUTO_INCREMENT, AUTO_INCREMENT=6;
--
-- AUTO_INCREMENT для таблицы `user`
--
ALTER TABLE `user`
  MODIFY `id` int(11) NOT NULL AUTO_INCREMENT, AUTO_INCREMENT=6;
/*!40101 SET CHARACTER_SET_CLIENT=@OLD_CHARACTER_SET_CLIENT */;
/*!40101 SET CHARACTER_SET_RESULTS=@OLD_CHARACTER_SET_RESULTS */;
/*!40101 SET COLLATION_CONNECTION=@OLD_COLLATION_CONNECTION */;
